"","Species","N","Sepal.Length","sd","se","ci"
"1","setosa",50,5.006,0.352489687213451,0.0498495696253913,0.100176460700736
"2","versicolor",50,5.936,0.516171147063863,0.0729976236683393,0.146694216893174
"3","virginica",50,6.588,0.635879593274432,0.0899269544844989,0.180714980882497
